/*******************************************************************************
   Valor Database - Version 1.4.5
   Script: Valor_Sqlite.sql
   Description: Creates and populates the Chinook database.
   DB Server: Sqlite
********************************************************************************/

/*******************************************************************************
  WARNING: This file was generated by a tool and changes to this file
           will be lost when this file is regenerated.
********************************************************************************/

/*******************************************************************************
   Drop Foreign Keys Constraints
********************************************************************************/























/*******************************************************************************
   Drop Tables
********************************************************************************/

DROP TABLE IF EXISTS [Customer];

DROP TABLE IF EXISTS [Employee];

DROP TABLE IF EXISTS [Invoice];

DROP TABLE IF EXISTS [InvoiceLine];


/*******************************************************************************
   Create Tables
********************************************************************************/
CREATE TABLE [Customer]
(
    [CustomerId] INTEGER  NOT NULL,
    [FirstName] NVARCHAR(40)  NOT NULL,
    [LastName] NVARCHAR(20)  NOT NULL,
    [Company] NVARCHAR(80),
    [Address] NVARCHAR(70),
    [City] NVARCHAR(40),
    [State] NVARCHAR(40),
    [Country] NVARCHAR(40),
    [PostalCode] NVARCHAR(10),
    [Phone] NVARCHAR(24),
    [Fax] NVARCHAR(24),
    [Email] NVARCHAR(60)  NOT NULL,
    [SupportRepId] INTEGER,
    CONSTRAINT [PK_Customer] PRIMARY KEY  ([CustomerId]),
    FOREIGN KEY ([SupportRepId]) REFERENCES [Employee] ([EmployeeId]) 
		ON DELETE NO ACTION ON UPDATE NO ACTION
);

CREATE TABLE [Employee]
(
    [EmployeeId] INTEGER  NOT NULL,
    [LastName] NVARCHAR(20)  NOT NULL,
    [FirstName] NVARCHAR(20)  NOT NULL,
    [Title] NVARCHAR(30),
    [ReportsTo] INTEGER,
    [BirthDate] DATETIME,
    [HireDate] DATETIME,
    [Address] NVARCHAR(70),
    [City] NVARCHAR(40),
    [State] NVARCHAR(40),
    [Country] NVARCHAR(40),
    [PostalCode] NVARCHAR(10),
    [Phone] NVARCHAR(24),
    [Fax] NVARCHAR(24),
    [Email] NVARCHAR(60),
    CONSTRAINT [PK_Employee] PRIMARY KEY  ([EmployeeId]),
    FOREIGN KEY ([ReportsTo]) REFERENCES [Employee] ([EmployeeId]) 
		ON DELETE NO ACTION ON UPDATE NO ACTION
);

CREATE TABLE [Invoice]
(
    [InvoiceId] INTEGER  NOT NULL,
    [CustomerId] INTEGER  NOT NULL,
    [InvoiceDate] DATETIME  NOT NULL,
    [BillingAddress] NVARCHAR(70),
    [BillingCity] NVARCHAR(40),
    [BillingState] NVARCHAR(40),
    [BillingCountry] NVARCHAR(40),
    [BillingPostalCode] NVARCHAR(10),
    [Total] NUMERIC(10,2)  NOT NULL,
    CONSTRAINT [PK_Invoice] PRIMARY KEY  ([InvoiceId]),
    FOREIGN KEY ([CustomerId]) REFERENCES [Customer] ([CustomerId]) 
		ON DELETE NO ACTION ON UPDATE NO ACTION
);

CREATE TABLE [InvoiceLine]
(
    [InvoiceLineId] INTEGER  NOT NULL,
    [InvoiceId] INTEGER  NOT NULL,
    [TrackId] INTEGER  NOT NULL,
    [UnitPrice] NUMERIC(10,2)  NOT NULL,
    [Quantity] INTEGER  NOT NULL,
    CONSTRAINT [PK_InvoiceLine] PRIMARY KEY  ([InvoiceLineId]),
    FOREIGN KEY ([InvoiceId]) REFERENCES [Invoice] ([InvoiceId]) 
		ON DELETE NO ACTION ON UPDATE NO ACTION,
    FOREIGN KEY ([TrackId]) REFERENCES [Track] ([TrackId]) 
		ON DELETE NO ACTION ON UPDATE NO ACTION
);

/*******************************************************************************
   Create Primary Key Unique Indexes
********************************************************************************/

/*******************************************************************************
   Create Foreign Keys
********************************************************************************/

CREATE INDEX [IFK_EmployeeReportsTo] ON [Employee] ([ReportsTo]);

CREATE INDEX [IFK_InvoiceCustomerId] ON [Invoice] ([CustomerId]);

CREATE INDEX [IFK_InvoiceLineInvoiceId] ON [InvoiceLine] ([InvoiceId]);

CREATE INDEX [IFK_InvoiceLineTrackId] ON [InvoiceLine] ([TrackId]);

/*******************************************************************************
   Populate Tables
********************************************************************************/


INSERT INTO [Employee] ([EmployeeId], [LastName], [FirstName], [Title], [ReportsTo], [BirthDate], [HireDate], [Address], [City], [State], [Country], [PostalCode], [Phone], [Fax], [Email]) VALUES
    (1, 'Adams', 'Andrew', 'General Manager', NULL, '1962-02-18 00:00:00', '2002-08-14 00:00:00', '11120 Jasper Ave NW', 'Edmonton', 'AB', 'Canada', 'T5K 2N1', '+1 (780) 428-9482', '+1 (780) 428-3457', 'andrew@chinookcorp.com'),
    (2, 'Edwards', 'Nancy', 'Sales Manager', 1, '1958-12-08 00:00:00', '2002-05-01 00:00:00', '825 8 Ave SW', 'Calgary', 'AB', 'Canada', 'T2P 2T3', '+1 (403) 262-3443', '+1 (403) 262-3322', 'nancy@chinookcorp.com'),
    (3, 'Peacock', 'Jane', 'Sales Support Agent', 2, '1973-08-29 00:00:00', '2002-04-01 00:00:00', '1111 6 Ave SW', 'Calgary', 'AB', 'Canada', 'T2P 5M5', '+1 (403) 262-3443', '+1 (403) 262-6712', 'jane@chinookcorp.com'),
    (4, 'Park', 'Margaret', 'Sales Support Agent', 2, '1947-09-19 00:00:00', '2003-05-03 00:00:00', '683 10 Street SW', 'Calgary', 'AB', 'Canada', 'T2P 5G3', '+1 (403) 263-4423', '+1 (403) 263-4289', 'margaret@chinookcorp.com'),
    (5, 'Johnson', 'Steve', 'Sales Support Agent', 2, '1965-03-03 00:00:00', '2003-10-17 00:00:00', '7727B 41 Ave', 'Calgary', 'AB', 'Canada', 'T3B 1Y7', '1 (780) 836-9987', '1 (780) 836-9543', 'steve@chinookcorp.com');

INSERT INTO [Customer] ([CustomerId], [FirstName], [LastName], [Company], [Address], [City], [State], [Country], [PostalCode], [Phone], [Fax], [Email], [SupportRepId]) VALUES
    (1, 'Luís', 'Gonçalves', 'Embraer - Empresa Brasileira de Aeronáutica S.A.', 'Av. Brigadeiro Faria Lima, 2170', 'São José dos Campos', 'SP', 'Brazil', '12227-000', '+55 (12) 3923-5555', '+55 (12) 3923-5566', 'luisg@embraer.com.br', 3),
    (2, 'Leonie', 'Köhler', NULL, 'Theodor-Heuss-Straße 34', 'Stuttgart', NULL, 'Germany', '70174', '+49 0711 2842222', NULL, 'leonekohler@surfeu.de', 5),
    (3, 'François', 'Tremblay', NULL, '1498 rue Bélanger', 'Montréal', 'QC', 'Canada', 'H2G 1A7', '+1 (514) 721-4711', NULL, 'ftremblay@gmail.com', 3),
    (4, 'Bjørn', 'Hansen', NULL, 'Ullevålsveien 14', 'Oslo', NULL, 'Norway', '0171', '+47 22 44 22 22', NULL, 'bjorn.hansen@yahoo.no', 4),
    (5, 'František', 'Wichterlová', 'JetBrains s.r.o.', 'Klanova 9/506', 'Prague', NULL, 'Czech Republic', '14700', '+420 2 4172 5555', '+420 2 4172 5555', 'frantisekw@jetbrains.com', 4);

INSERT INTO [Invoice] ([InvoiceId], [CustomerId], [InvoiceDate], [BillingAddress], [BillingCity], [BillingState], [BillingCountry], [BillingPostalCode], [Total]) VALUES
    (1, 2, '2021-01-01 00:00:00', 'Theodor-Heuss-Straße 34', 'Stuttgart', NULL, 'Germany', '70174', 1.98),
    (2, 4, '2021-01-02 00:00:00', 'Ullevålsveien 14', 'Oslo', NULL, 'Norway', '0171', 3.96),
    (3, 8, '2021-01-03 00:00:00', 'Grétrystraat 63', 'Brussels', NULL, 'Belgium', '1000', 5.94),
    (4, 14, '2021-01-06 00:00:00', '8210 111 ST NW', 'Edmonton', 'AB', 'Canada', 'T6G 2C7', 8.91),
    (5, 23, '2021-01-11 00:00:00', '69 Salem Street', 'Boston', 'MA', 'USA', '2113', 13.86);

INSERT INTO [InvoiceLine] ([InvoiceLineId], [InvoiceId], [TrackId], [UnitPrice], [Quantity]) VALUES
    (1, 1, 2, 0.99, 1),
    (2, 1, 4, 0.99, 1),
    (3, 2, 6, 0.99, 1),
    (4, 2, 8, 0.99, 1),
    (5, 2, 8, 0.99, 1);